{
  "Profiles": [
    {
      "Name": "Elektra",
      "Guid": "4E9E265E-6A9F-45B9-8547-D02F1D4F33BA",
      "Dynamic Profile Parent Name": "Default",
      "Prompt Before Closing 2": false,
      "Badge Text": "",
      "Cursor Color": {
        "Red Component": 0.7803921568627451,
        "Green Component": 0.5725490196078431,
        "Blue Component": 0.9176470588235294
      },
      "Cursor Type": 2,
      "Initial Text": "",
      "Blur": false,
      "Normal Font": "JetBrainsMonoNerdFontComplete-Regular 14",
      "Right Option Key Sends": 0,
      "Tags": [],
      "Ansi 12 Color": {
        "Red Component": 0.6392156862745098,
        "Green Component": 0.7450980392156863,
        "Blue Component": 1.0
      },
      "Ansi 7 Color": {
        "Red Component": 0.8392156862745098,
        "Green Component": 0.8705882352941177,
        "Blue Component": 0.9215686274509803
      },
      "Ansi 8 Color": {
        "Red Component": 0.3607843137254902,
        "Green Component": 0.39215686274509803,
        "Blue Component": 0.4666666666666667
      },
      "Ansi 9 Color": {
        "Red Component": 1.0,
        "Green Component": 0.4980392156862745,
        "Blue Component": 0.5686274509803921
      },
      "Bold Color": {
        "Red Component": 1.0,
        "Green Component": 1.0,
        "Blue Component": 1.0
      },
      "Ansi 0 Color": {
        "Red Component": 0.16078431372549021,
        "Green Component": 0.1411764705882353,
        "Blue Component": 0.2
      },
      "Ansi 1 Color": {
        "Red Component": 1.0,
        "Green Component": 0.34509803921568627,
        "Blue Component": 0.4549019607843137
      },
      "Ansi 2 Color": {
        "Red Component": 0.6784313725490196,
        "Green Component": 0.8588235294117647,
        "Blue Component": 0.403921568627451
      },
      "Ansi 3 Color": {
        "Red Component": 1.0,
        "Green Component": 0.796078431372549,
        "Blue Component": 0.5450980392156862
      },
      "Ansi 4 Color": {
        "Red Component": 0.5098039215686274,
        "Green Component": 0.6666666666666666,
        "Blue Component": 1.0
      },
      "Ansi 5 Color": {
        "Red Component": 0.7803921568627451,
        "Green Component": 0.5725490196078431,
        "Blue Component": 0.9176470588235294
      },
      "Ansi 6 Color": {
        "Red Component": 0.4980392156862745,
        "Green Component": 0.8588235294117647,
        "Blue Component": 0.792156862745098
      },
      "Ansi 10 Color": {
        "Red Component": 0.7803921568627451,
        "Green Component": 0.9019607843137255,
        "Blue Component": 0.5450980392156862
      },
      "Ansi 11 Color": {
        "Red Component": 1.0,
        "Green Component": 0.9215686274509803,
        "Blue Component": 0.5882352941176471
      },
      "Background Color": {
        "Red Component": 0.07843137254901961,
        "Green Component": 0.06666666666666667,
        "Blue Component": 0.12156862745098039
      },
      "Ansi 13 Color": {
        "Red Component": 0.8980392156862745,
        "Green Component": 0.6352941176470588,
        "Blue Component": 0.9607843137254902
      },
      "Ansi 14 Color": {
        "Red Component": 0.6196078431372549,
        "Green Component": 0.9137254901960784,
        "Blue Component": 0.8588235294117647
      },
      "Ansi 15 Color": {
        "Red Component": 0.9411764705882353,
        "Green Component": 0.9647058823529412,
        "Blue Component": 1.0
      },
      "Foreground Color": {
        "Red Component": 0.984313725490196,
        "Green Component": 0.9607843137254902,
        "Blue Component": 0.9529411764705882
      },
      "Selected Text Color": {
        "Red Component": 1.0,
        "Green Component": 1.0,
        "Blue Component": 1.0
      },
      "Selection Color": {
        "Red Component": 0.11372549019607843,
        "Green Component": 0.23137254901960785,
        "Blue Component": 0.3254901960784314
      },
      "Horizontal Spacing": 1.0,
      "Use Non-ASCII Font": false,
      "Non-ASCII Anti Aliased": true,
      "Vertical Spacing": 1.0,
      "Option Key Sends": 0,
      "ASCII Anti Aliased": true,
      "Terminal Type": "xterm-256color",
      "Custom Command": "No",
      "Keyboard Map": {
        "0xf700-0x260000": {
          "Action": 10,
          "Text": "[1;6A"
        },
        "0xf701-0x260000": {
          "Action": 10,
          "Text": "[1;6B"
        },
        "0xf702-0x260000": {
          "Action": 10,
          "Text": "[1;6D"
        },
        "0xf703-0x260000": {
          "Action": 10,
          "Text": "[1;6C"
        }
      },
      "Allow Title Setting": true,
      "Allow Title Reporting": true,
      "Use Bold Font": true,
      "Use Bright Bold": true,
      "Use Italic Font": true,
      "Silence Bell": false,
      "Command": "",
      "Unlimited Scrollback": true,
      "Close Sessions On End": true,
      "Scrollback Lines": 10000,
      "Visual Bell": true
    }
  ]
} 