{
  "Profiles": [
    {
      "Name": "Elektra",
      "Guid": "4E9E265E-6A9F-45B9-8547-D02F1D4F33BA",
      "Dynamic Profile Parent Name": "Default",
      "Prompt Before Closing 2": false,
      "Badge Text": "",
      "Cursor Color": {
        "Red Component": 0.89803921568627,
        "Green Component": 0.89803921568627,
        "Blue Component": 0.89803921568627
      },
      "Cursor Type": 2,
      "Initial Text": "",
      "Blur": false,
      "Normal Font": "JetBrainsMonoNerdFontComplete-Regular 14",
      "Right Option Key Sends": 0,
      "Tags": [],
      "Ansi 12 Color": {
        "Red Component": 0.33725490196078,
        "Green Component": 0.71764705882353,
        "Blue Component": 0.98039215686275
      },
      "Ansi 7 Color": {
        "Red Component": 0.73333333333333,
        "Green Component": 0.73333333333333,
        "Blue Component": 0.73333333333333
      },
      "Ansi 8 Color": {
        "Red Component": 0.26666666666667,
        "Green Component": 0.29019607843137,
        "Blue Component": 0.34509803921569
      },
      "Ansi 9 Color": {
        "Red Component": 1.0,
        "Green Component": 0.33333333333333,
        "Blue Component": 0.33333333333333
      },
      "Bold Color": {
        "Red Component": 1.0,
        "Green Component": 1.0,
        "Blue Component": 1.0
      },
      "Ansi 0 Color": {
        "Red Component": 0.15686274509804,
        "Green Component": 0.16470588235294,
        "Blue Component": 0.21176470588235
      },
      "Ansi 1 Color": {
        "Red Component": 1.0,
        "Green Component": 0.33333333333333,
        "Blue Component": 0.33333333333333
      },
      "Ansi 2 Color": {
        "Red Component": 0.22745098039216,
        "Green Component": 0.75686274509804,
        "Blue Component": 0.39607843137255
      },
      "Ansi 3 Color": {
        "Red Component": 0.94509803921569,
        "Green Component": 0.9803921568627,
        "Blue Component": 0.54901960784314
      },
      "Ansi 4 Color": {
        "Red Component": 0.61176470588235,
        "Green Component": 0.48627450980392,
        "Blue Component": 0.83921568627451
      },
      "Ansi 5 Color": {
        "Red Component": 0.83921568627451,
        "Green Component": 0.39215686274509,
        "Blue Component": 0.65098039215686
      },
      "Ansi 6 Color": {
        "Red Component": 0.37254901960784,
        "Green Component": 0.71764705882353,
        "Blue Component": 0.76078431372549
      },
      "Ansi 10 Color": {
        "Red Component": 0.22745098039216,
        "Green Component": 0.75686274509804,
        "Blue Component": 0.39607843137255
      },
      "Ansi 11 Color": {
        "Red Component": 0.94509803921569,
        "Green Component": 0.9803921568627,
        "Blue Component": 0.54901960784314
      },
      "Background Color": {
        "Red Component": 0.15686274509804,
        "Green Component": 0.16470588235294,
        "Blue Component": 0.21176470588235
      },
      "Ansi 13 Color": {
        "Red Component": 0.83921568627451,
        "Green Component": 0.39215686274509,
        "Blue Component": 0.65098039215686
      },
      "Ansi 14 Color": {
        "Red Component": 0.37254901960784,
        "Green Component": 0.71764705882353,
        "Blue Component": 0.76078431372549
      },
      "Ansi 15 Color": {
        "Red Component": 0.97254901960784,
        "Green Component": 0.97254901960784,
        "Blue Component": 0.94901960784314
      },
      "Foreground Color": {
        "Red Component": 0.97254901960784,
        "Green Component": 0.97254901960784,
        "Blue Component": 0.94901960784314
      },
      "Selected Text Color": {
        "Red Component": 0.97254901960784,
        "Green Component": 0.97254901960784,
        "Blue Component": 0.94901960784314
      },
      "Selection Color": {
        "Red Component": 0.26666666666667,
        "Green Component": 0.29019607843137,
        "Blue Component": 0.34509803921569
      },
      "Horizontal Spacing": 1.0,
      "Use Non-ASCII Font": false,
      "Non-ASCII Anti Aliased": true,
      "Vertical Spacing": 1.0,
      "Option Key Sends": 0,
      "ASCII Anti Aliased": true,
      "Terminal Type": "xterm-256color",
      "Custom Command": "No",
      "Keyboard Map": {
        "0xf700-0x260000": {
          "Action": 10,
          "Text": "[1;6A"
        },
        "0xf701-0x260000": {
          "Action": 10,
          "Text": "[1;6B"
        },
        "0xf702-0x260000": {
          "Action": 10,
          "Text": "[1;6D"
        },
        "0xf703-0x260000": {
          "Action": 10,
          "Text": "[1;6C"
        }
      },
      "Allow Title Setting": true,
      "Allow Title Reporting": true,
      "Use Bold Font": true,
      "Use Bright Bold": true,
      "Use Italic Font": true,
      "Silence Bell": false,
      "Command": "",
      "Unlimited Scrollback": true,
      "Close Sessions On End": true,
      "Scrollback Lines": 10000,
      "Visual Bell": true
    }
  ]
} 